session_id,player_id,player,split,total_labeled,total_unknown
6E98CE75-DD22-4A68-AA4F-DC856A7B7FAD,5E354AD0-50F2-4EC7-B653-1FB9989DC793,Diego,test,274,1730
2B494DAF-943B-4F54-8467-FE43E6CFAC08,1880202A-848B-444A-886C-B771B2D18998,Guillermo,test,688,1396
DB8E262C-6E3E-4E5E-B4F3-FF225A5B56F1,1880202A-848B-444A-886C-B771B2D18998,Guillermo,test,301,683
0AF06197-70EC-4D68-947F-1939CC0ABED1,E168B6E8-2D2B-4998-9428-9B4D26F79A8D,,train,181,155
0B5102C8-80A0-490E-B081-77E9001603BC,3FF5CBC3-8124-4B75-85C4-AD1A52B3B57C,,train,29,176
1F25840D-45B4-4E99-9B45-369355E47781,3FF5CBC3-8124-4B75-85C4-AD1A52B3B57C,,train,21,42
3167D915-08A5-4C94-B767-EBFDEB4BCFB9,3FF5CBC3-8124-4B75-85C4-AD1A52B3B57C,,train,90,162
4AF757C9-5E73-4E54-A9EF-F2ACCD12DC88,E168B6E8-2D2B-4998-9428-9B4D26F79A8D,,train,519,2084
50C15CE8-EE9A-46DE-A08F-80279252FBCA,3FF5CBC3-8124-4B75-85C4-AD1A52B3B57C,,train,19,56
6512366D-15CA-42AC-89B5-CD33E9D75CF4,E168B6E8-2D2B-4998-9428-9B4D26F79A8D,,train,17,34
79878F21-D32C-4CFD-A6DB-3E65AD9A4302,E168B6E8-2D2B-4998-9428-9B4D26F79A8D,,train,171,181
8645FF28-D819-4BDC-8017-6AB42146BAA7,E168B6E8-2D2B-4998-9428-9B4D26F79A8D,,train,21,65
8BE494DD-99C3-443C-B8DE-C83BE7BFA6F0,3FF5CBC3-8124-4B75-85C4-AD1A52B3B57C,,train,24,59
8C051DBC-6E90-47F3-9EB7-28784C4FD624,E168B6E8-2D2B-4998-9428-9B4D26F79A8D,,train,484,1798
96BC82A9-9CC8-469A-8E9E-341114468BCB,3FF5CBC3-8124-4B75-85C4-AD1A52B3B57C,,train,141,197
A539B4DD-47C3-453D-AEC5-6037E2115F68,E168B6E8-2D2B-4998-9428-9B4D26F79A8D,,train,84,134
B59BC528-27B5-42AC-B693-66046F0322BC,3FF5CBC3-8124-4B75-85C4-AD1A52B3B57C,,train,322,1895
BA410C89-DE4B-4F78-9CE3-B3DA81ACDA8F,3FF5CBC3-8124-4B75-85C4-AD1A52B3B57C,,train,99,263
C9E6CC3A-EAC0-4099-94C5-86D7C3B4D01B,E168B6E8-2D2B-4998-9428-9B4D26F79A8D,,train,61,126
D414CA68-BD78-4266-B877-AF1ABDB4FCF7,E168B6E8-2D2B-4998-9428-9B4D26F79A8D,,train,14,53
D6754121-EA93-4C1A-96DA-96DB23DA1593,3FF5CBC3-8124-4B75-85C4-AD1A52B3B57C,,train,465,843
E51A105D-7B3E-4577-9AD7-DB1B51125B88,3FF5CBC3-8124-4B75-85C4-AD1A52B3B57C,,train,26,84
5F78E0C4-5F15-44A1-9861-D35112A2F75C,20A80EF6-375D-4FCE-AB9B-BAFCBF1A03A6,Enrique,train,594,1676
088E0FD9-7F38-4923-94F4-B3053A043A09,863A5EC0-8729-496E-9645-2764E5BDACAA,Irene,train,387,1079
65DCD26B-3B96-4A83-84FA-2AB5E0697C1F,4812651B-BFD4-4D4C-A03B-5BE88DE33AF7,Javier,train,344,1752
7896B489-B1F0-4460-908A-BEA965DB52E5,62B73338-18A2-4C13-AE72-061AE70AB95C,Jorge,train,452,1691
66FE0AB7-FF5B-42E8-9723-C61C42D21471,1DC25578-923C-4EFE-9717-237E45B71EDE,Carlos,validation,32,269
88A8B408-C008-442A-AEBF-E726A1245E07,1DC25578-923C-4EFE-9717-237E45B71EDE,Carlos,validation,191,608
184C1BF7-B6D9-4F7E-B48D-CA670B6F0EEB,14A0FF96-6B40-423D-ADB2-D94E8AD96EF6,Victor,validation,386,1686
